Countdown,AbesBagelsNatural4pk,4.3
Countdown,AbesBagelsEverythingBagel360g4pk,4.3
Countdown,AbesBagelsRaisin&Cinnamon4pk,4.3
Countdown,CoenBrosBagelsPoppySeed4pk,4.8
Countdown,AbesRealBagelsParmesan4pk,4.3
Countdown,AbesBagelsMultigrain360g4pk,4.3
Countdown,AbesBagelsSesameSeed4pk,4.3
Countdown,CoenBagelsCheese&Onion4pk,4.8
Countdown,CoenBagelsPlain4pk,4.8
Countdown,AbesBagelsBlueberry4pk,4.3
Countdown,InstoreBakeryBaguetteeach,1.5
Countdown,InstoreBakeryBaPakNSave6pk,3
Countdown,InstoreBakeryBreadRollsWholemeal&Grain6pk,3.5
Countdown,InstoreBakeryBreadRollsPlainCrustymegapack20pk,4
Countdown,CountdownBreadRollsLongSesame6pk,2.3
Countdown,InstoreBakeryBreadRolls4SeedLunchRolls6pk,3.7
Countdown,TipTopSuperSoftBreadRollsLong6pk,2.8
Countdown,CountdownBreadRollsLong6pk,2.3
Countdown,InstoreBakeryBreadRollsLongSoftCheese6pk,3.5
Countdown,InstoreBakeryBreadRollsLongSoft6pk,3.5
Countdown,TipTopDeluxeBreadRollsBriocheBuns6pk,4.5
Countdown,InstoreBakeryBreadRollsAssortedeach,0.6
Countdown,InstoreBakeryBreadRollsPlainCrusty6pk,3
Countdown,TipTopBreadRollsDeluxeTorpedo6ea,4.5
Countdown,InstoreBakeryBreadRollsHighFibreLowGi6pk,3.7
Countdown,InstoreBakeryBreadRollsSavouryPiNewWorldheels4pk,3.99
Countdown,InstoreBakeryBreadRollsCrustySesameSeed6pk,3
Countdown,NaturesFreshBreadRollsSoftLong6pk,2.9
Countdown,InstoreBakeryBreadRollsCrustyCheese&Bacon6pk,4.25
Countdown,ToscanoBreadRollsClassicFrenchBrioche280g,5.99
Countdown,InstoreBakeryBreadRollsCrustyCheese6pk,3
Countdown,TipTopSuperSoftBreadRollsLongSesame6pk,2.8
Countdown,InstoreBakeryBreadSticksCheese&BaconSavourySticks3pk,3.45
Countdown,InstoreBakeryBreadSticksItalian2pk,3.79
Countdown,InstoreBakeryBreadSticksSavouryCheese&Baconeach,1.7
Countdown,InstoreBakeryBreadSticksTiger2pk,3.59
Countdown,InstoreBakeryBreadTwistCheese&Garlic420g,3.5
Countdown,InstoreBakeryBreadTwistCheese&GarlicMini1pk,2
Countdown,InstoreBakeryBreadTwistCheese&PestoMini1pk,2
Countdown,InstoreBakeryBreadTwistCheese&TomatoMini1pk,2
Countdown,InstoreBakeryBreadTwistBasil&Garlic400g,3.5
Countdown,FrenchBriocheSliced500g,5
Countdown,YarrowsBuffetRollsPlainParBaked6pk,2
Countdown,YarrowsBuffetRollsGarlicButterFilled6pk,3.79
Countdown,YarrowsBuffetRollsPlainParBaked12pk,4.5
Countdown,NaturesFreshBurgerBunsPlain6pk,2.9
Countdown,TipTopBurgerBunsSuperSoftKing720g,3.8
Countdown,InstoreBakeryBurgerBunsSesame6pk,3
Countdown,TipTopSuperSoftBurgerBunsHamburgerOatilicious450g,2.8
Countdown,InstoreBakeryBurgerBunsPlain6pk,3
Countdown,TipTopSuperSoftBurgerBunsPlain6pk,2.8
Countdown,BakeworksBurgerBunsPlainGlutenFree240g2pk,4.29
Countdown,CountdownBurgerBuns6pk,2.3
Countdown,FrenchBurgerBunsBrioche4pk,4
Countdown,NaturesFreshBurgerBunsSesameSeed6pk,2.9
Countdown,TipTopSuperSoftBurgerBunsKingSizeSesameSeed720g,3.8
Countdown,NaturesFreshBurgerBunsSesameKingSize8pk,4.5
Countdown,VogelsGlutenFreeBurgerBunsWhite5pk,8.5
Countdown,TipTopSuperSoftBurgerBunsSesame6pk,2.8
Countdown,VogelsGlutenFreeBurgerBuns6Seed5pk,8.5
Countdown,CountdownBurgerBunsSesame6pk,2.3
Countdown,NaturesFreshBurgerBunsKingPlain8pk,4.5
Countdown,InstoreBakeryDinnerRolls12pk,4.2
Countdown,BazaarGarlicBread2pk,6
Countdown,LaFamigliaGarlicBreadSlices270g,5
Countdown,LaFamigliaGarlicBread375g,5
Countdown,InstoreBakeryGarlicBread2pk,3
Countdown,MammaForellisGarlicBread400g2pk,6.39
Countdown,TipTopSuperSoftHotDogRolls450g6pk,2.8
Countdown,InstoreBakeryPizzaSliceMeatloverseach,1.8
Countdown,InstoreBakeryPizzaSliceHawaiianeach,1.8
Countdown,InstoreBakeryPizzaSliceVegetarianeach,1.8
Countdown,NaturesFreshSlidersOriginal8pk,4.5
Countdown,NaturesFreshSlidersSesame8pk,4.5
Countdown,InstoreBakeryBananaBreadMiniBanana&Blueberryeach,1
Countdown,InstoreBakeryBananaBreadBanana&BlueberryBreadeach,3.5
Countdown,InstoreBakeryMiniBananaBreadPlain|Hershey's&Blueberry3pk,4.5
Countdown,InstoreBakeryBananaBreadMinieach,1
Countdown,Kaye'sBiscuitsShortbread14pk,5.09
Countdown,Kaye'sBiscuitsWalnutTopAfghans6pk,6.89
Countdown,Kaye'sBiscuitsBran12pk,4.99
Countdown,Kaye'sBiscuitsRealMccoyAnzac12pk,4.09
Countdown,InstoreBakeryBiscuitsMeltingMoments6pk,4.69
Countdown,OriginalFoodsCakeCarrotsingleslice,2.8
Countdown,ErnestAdamsCakeFruit400g,4.99
Countdown,OriginalFoodsCakeChocolateDrip8inch,32
Countdown,InstoreBakeryCakeWhiteChocolateMudCake,5.49
Countdown,CountdownCakeSaltedCaramel400g,9.5
Countdown,OriginalFoodsCakeCarrotblock,5.4
Countdown,ErnestAdamsCakeMaderia280g,2.9
Countdown,ErnestAdamsCakeChocolateGlutenFree350g,7.35
Countdown,CountdownCakeRedVelvetLayer400g,9.5
Countdown,InstoreBakeryCafecollectionCakeCappuccinoRing630g,5.99
Countdown,InstoreBakeryCakeLemon400g,4.99
Countdown,InstoreBakeryCakeWhiteSpongedFilled&Iced310g,4.5
Countdown,ErnestAdamsCakeGlutenFreeJamaican330g,7.35
Countdown,InstoreBakeryCafecollectionCakeLemonRing630g,5.99
Countdown,ErnestAdamsCakeLemonGlutenFree350g,7.35
Countdown,BalconiCakeRollkao222g,3.99
Countdown,BalconiCakeTiramisu400g,5.99
Countdown,SouthernKitchenCakeRainbow1150g,35
Countdown,ErnestAdamsCakeCherryFruit680g,8.5
Countdown,CountdownCakeWhiteChocolate400g,9.5
Countdown,ErnestAdamsCakeSultana450g,5.99
Countdown,InstoreBakeryCakeChocolateMudCakeeach,5.49
Countdown,BalconiCakeMilkRoll222g,3.99
Countdown,InstoreBakeryCakeChocolatesingleslice,2.8
Countdown,OriginalFoodsCakeChocolateHappyBirthday,25
Countdown,OriginalFoodsCakeLemon&Raspberry8inch,32
Countdown,OriginalFoodsCakeBananaAndSaltedCaramel8inch,32
Countdown,InstoreBakeryCafecollectionCakeHotChocolateRing630g,5.99
Countdown,OriginalFoodsCakeGoofyGingerKiss,5.4
Countdown,CountdownCakeTraditionalDarkFruit465g,4.99
Countdown,CountdownCakeTraditionalLightFruit465g,4.99
Countdown,OriginalFoodsCakeCarrotRound1.4kg,24
Countdown,OriginalFoodsCakeBananaSaltedCaramelsingleslice,3
Countdown,InstoreBakeryIndulgentCakeMoistChocolate,11.99
Countdown,CadburyCakeBarsChocolate5pk,3.79
Countdown,CadburyCakeBarsCaramel5pk,3.79
Countdown,CadburyCakeRollMintMinis5pk,3.79
Countdown,CadburyCakeRollMinisRaspberry5pk,3.79
Countdown,CadburyCakeRollMini5pk,3.79
Countdown,CountdownChocolateLog270g,5.99
Countdown,InstoreBakeryCookiesChunkyWhiteChoc&Cranberry5pk,3.49
Countdown,InstoreBakeryValuePackCookiesJaffa650g,5
Countdown,InstoreBakeryCookiesChunkyChocChip24pk,5.79
Countdown,Kaye'sCookiesChocolateChiPakNSave12pk,5.49
Countdown,InstoreBakeryCookies40%ChocolateChunk5pk,4
Countdown,InstoreBakeryCookiesCrunchyAfghan5pk,4
Countdown,InstoreBakeryCookiesSaltedCaramelWhiteChocolate5pk,3.49
Countdown,InstoreBakeryValuePackCookiesAnzac610g,5
Countdown,InstoreBakeryValuePackCookiesChocChip700g,5
Countdown,InstoreBakeryValuePackCookiesChokoKrunch650g,5
Countdown,InstoreBakeryCookiesTripleChocChunky24pk,5.79
Countdown,InstoreBakeryCookiesChunkyCranberry&WhiteChoceach,1.5
Countdown,InstoreBakeryCookiesDreamyChunkyChocolateChipeach,1.5
Countdown,InstoreBakeryCookiesAnzac24pk,5.79
Countdown,InstoreBakeryCrumbleCakeBlueberry425g,5.99
Countdown,InstoreBakeryCrumbleCakeSpicyApple425g,5.99
Countdown,InstoreBakeryCupcakesMadeiraIced6pk,4
Countdown,InstoreBakeryCupcakesRedVelvet6pk,4
Countdown,MrKiplingFrenchFanciesSelection8pk,4.99
Countdown,InstoreBakeryFudgeBrownieNewYorksingleserve,2
Countdown,CountdownKissesChocolate8pk,2.8
Countdown,CountdownKissesGinger8pk,2.8
Countdown,RosedaleKissesGingerpkt12pk,4.9
Countdown,RosedaleKissesGingerpkt8pk,3.5
Countdown,RosedaleKissesChocolatepkt8pk,3.5
Countdown,CountdownLamingtonsChocolate&Raspberry6pk,4
Countdown,CountdownLamingtonsChocolate&Orange6pk,4
Countdown,InstoreBakeryLamingtonsLogRaspberryMockCream270g,5.49
Countdown,CountdownLamingtonsMiniChocolate&Raspeberry9pk,4
Countdown,InstoreBakeryLamingtonsLogChocolateMockCream270g,5.49
Countdown,ToscanoMacaronsFrench144g,11.99
Countdown,SouthernKitchenMeringuesLargeNests8pk,5.99
Countdown,SouthernKitchenMeringuesWhiteTwirls12pk,5.99
Countdown,SelectMiniCupcakesIced9pk,4.9
Countdown,InstoreBakeryMuffinsLemon&PassionfruitCrumblesingle120g,1.3
Countdown,InstoreBakeryGourmetMuffinsChocolateDelight2pk,4
Countdown,InstoreBakeryMuffinsRaspberryWhiteChocolatesingle,1.3
Countdown,CountdownMuffinsDoubleChocolatesingle1pk,1.35
Countdown,InstoreBakeryMuffinsLargeDoubleChocolate2pk,3.45
Countdown,InstoreBakeryMuffinsOrangeChocolateChipsingle120g,1.3
Countdown,InstoreBakeryMuffinsLargeBlueberrysingle1pk,1.3
Countdown,InstoreBakeryMuffinsLemonCrumblesingle120g,1.3
Countdown,InstoreBakeryMuffinsBlueberry&WhiteChocolate2pk,4
Countdown,InstoreBakeryMuffinsSpicedApple6pk,3.5
Countdown,InstoreBakeryMuffinsLargeHersheysChocToffeesingle1pk,1.3
Countdown,InstoreBakeryMuffinsLargeDoubleChocolatesingle1pk,1.3
Countdown,InstoreBakeryMuffinsLargeMixed4pk,5
Countdown,InstoreBakeryMuffinsMixed6pk,3.5
Countdown,InstoreBakeryMuffinsLargeCoffee&Walnutsingle1pk,1.3
Countdown,CountdownMuffinsBlueberrysingle1pk,1.35
Countdown,InstoreBakeryMuffinsBlueberry6pk,3.5
Countdown,InstoreBakeryMuffinsLargeBlueberry2pk,3.45
Countdown,InstoreBakeryMuffinsRaspberryWhiteChocolate6pk,3.5
Countdown,InstoreBakeryMuffinsDoubleChocolate6pk,3.5
Countdown,OriginalFoodsSlicesChocolate&Peppermint,4
Countdown,MrKiplingSlicesAngel240g6pk,4.5
Countdown,LoafSlicesRockyRoadBites120g,3.5
Countdown,WellBeingSlicesCranberry&Seed9pk,5
Countdown,MrKiplingSlicesLemon6pk,4.5
Countdown,OriginalFoodsSlicesRaspberyShortcake,4
Countdown,OriginalFoodsSlicesNewYorkBrownie,4
Countdown,PureDelishSlicesGingerWalnut&Caramel400g,13.49
Countdown,OriginalFoodsSlicesCookieCaramel,4
Countdown,ErnestAdamsSlicesChocolateFudgeBrownie350g,4.99
Countdown,Tom&LukeSlicesGingerbreadBiteSuperSlice52g,2.3
Countdown,ErnestAdamsSlicesCaramelGlutenFree350g,7.35
Countdown,ErnestAdamsSlicesApricotCrumble350g,4.99
Countdown,WellBeingSlicesSpicedApple9pk,5
Countdown,Tom&LukeSlicesPeanutBrownieSuperSlice52g,2.3
Countdown,LoafSlicesGooeyCaramelBites120g,3.5
Countdown,ErnestAdamsSlicesRaspberry350g,4.99
Countdown,MrKiplingSlicesUnicorn150g6pk,4.5
Countdown,LoafSlicesOrchardRoadBites120g,3.5
Countdown,PavillionFoodsSlicesFudgeBrownieGlutenFree330g,6
Countdown,ErnestAdamsSlicesBoysenberry350g,4.99
Countdown,LoafSlicesBrownieBites120g,3.5
Countdown,PureDelishSlicesPrimal400g,13.49
Countdown,OriginalFoodsSlicesCallMeGinger,4
Countdown,Tom&LukeSlicesEspressoCrunchSuperSlice52g,2.3
Countdown,ErnestAdamsSlicesRaspberyGlutenFree350g,7.35
Countdown,ErnestAdamsSlicesCaramel350g,4.99
Countdown,InstoreBakerySlicesCookieCaramelsingle,2
Countdown,OriginalFoodsSlicesClassicCaramelBar,4
Countdown,LoafSlicesLollyCakeBites120g,3.5
Countdown,ErnestAdamsSlicesLouise350g,4.99
Countdown,ErnestAdamsSlicesGlutenFreeChocBrownie350g,7.35
Countdown,Tom&LukeSlicesLemon&PistachioSuperSlice52g,2.3
Countdown,LoafSlicesGinger120g,3.5
Countdown,BalconiMixMaxSnackBarCakes6pk,3.99
Countdown,BalconiMixMaxSnackBarMilkCake6pk,3.99
Countdown,InstoreBakerySpongeCakePlainWhiteUnfilledeach270g,4.49
Countdown,InstoreBakerySpongeCakeDoublePlainChocUnfilled270g,4.49
Countdown,ErnestAdamsSweetLoafSpecialGinger400g,5
Countdown,ErnestAdamsSweetLoafDate&Walnut400g,5
Countdown,CountdownSwissRollPlainJamFilled250g,4.5
Countdown,WaikatoCakesSwissRollChocolate250g,5.29
Countdown,DelmaineTartsAppleRounds6pk,3.5
Countdown,YarrowsTartsNeenish6pk,5.49
Countdown,InstoreBakeryTartsRaspberry4pk,3.79
Countdown,MrKiplingTartsCherry&AlmondBakeWell6pk,4.99
Countdown,MrKiplingVienneseWhirls6pk,4
Countdown,QualityBakersWholegrainMuffinSplits6pk,3
Countdown,InstoreBakeryBostonBun250g,3.1
Countdown,ToscanoBriocheChocolateChipRolls280g,5.99
Countdown,FrenchTear&ShareBriocheChocChip400g,5
Countdown,InstoreBakeryCreamBuns6pk,3.5
Countdown,CountdownCroissants10pk,8
Countdown,CountdownCroissants4pk,3.5
Countdown,InstoreBakeryCroissantssingleeach,1.8
Countdown,InstoreBakeryDanishPainAuChoc1pk,2.4
Countdown,InstoreBakeryDanishApple2pk,4
Countdown,InstoreBakeryDanishLargePanAuChoc2pk,3.5
Countdown,InstoreBakeryDanishApplesingle,2.4
Countdown,InstoreBakeryDanishPanAuRaisin2pk,3.5
Countdown,InstoreBakeryDonutsPinkIcedeach,2
Countdown,OriginalFoodsDonutsStrawberryCarnival5pk,4.5
Countdown,InstoreBakeryDonutsMockCream4pk,3.8
Countdown,OriginalFoodsDonutsCinnamonDusted13pk,3
Countdown,InstoreBakeryDonutsBostonCreamLoaf,2.6
Countdown,OriginalFoodsDonutsChocolateDipped5pk,5.89
Countdown,InstoreBakeryDonutsFreshCreamsingle,2.7
Countdown,InstoreBakeryDonutsChocolateIcedRingsingle,2
Countdown,CountdownHotCrossBunsFruitless6pk,4
Countdown,CountdownHotCrossBunsMini9pk,4
Countdown,InstoreBakeryHotCrossBunsBriocheChocolate6pk,4.8
Countdown,InstoreBakeryHotCrossBunsBriocheFruit6pk,4.8
Countdown,CountdownHotCrossBunsHersheysChocolate6pk,4
Countdown,CountdownHotCrossLoafeach,4.5
